{
    "model_type": "logreg",
    "accuracy": 0.7845804988662132,
    "f1_score": 0.7453083109919572,
    "confusion_matrix": [
        [
            207,
            28
        ],
        [
            67,
            139
        ]
    ],
    "classification_report": {
        "0.0": {
            "precision": 0.7554744525547445,
            "recall": 0.8808510638297873,
            "f1-score": 0.8133595284872298,
            "support": 235.0
        },
        "1.0": {
            "precision": 0.8323353293413174,
            "recall": 0.6747572815533981,
            "f1-score": 0.7453083109919572,
            "support": 206.0
        },
        "accuracy": 0.7845804988662132,
        "macro avg": {
            "precision": 0.793904890948031,
            "recall": 0.7778041726915927,
            "f1-score": 0.7793339197395934,
            "support": 441.0
        },
        "weighted avg": {
            "precision": 0.7913777192623045,
            "recall": 0.7845804988662132,
            "f1-score": 0.781571431425946,
            "support": 441.0
        }
    }
}