{
    "model_type": "logreg",
    "accuracy": 0.7868480725623582,
    "f1_score": 0.7486631016042781,
    "confusion_matrix": [
        [
            207,
            28
        ],
        [
            66,
            140
        ]
    ],
    "classification_report": {
        "0.0": {
            "precision": 0.7582417582417582,
            "recall": 0.8808510638297873,
            "f1-score": 0.8149606299212598,
            "support": 235.0
        },
        "1.0": {
            "precision": 0.8333333333333334,
            "recall": 0.6796116504854369,
            "f1-score": 0.7486631016042781,
            "support": 206.0
        },
        "accuracy": 0.7868480725623582,
        "macro avg": {
            "precision": 0.7957875457875458,
            "recall": 0.780231357157612,
            "f1-score": 0.781811865762769,
            "support": 441.0
        },
        "weighted avg": {
            "precision": 0.7933185484205891,
            "recall": 0.7868480725623582,
            "f1-score": 0.7839917164670689,
            "support": 441.0
        }
    }
}