,Count,Missing,Mean,Min,Max
purchases,2937.0,2937.0,5.000105352508715,0.5781629550845881,9.494700511037305
time_spent,2937.0,2937.0,100.01523032678031,80.08240442659796,119.90240534202506
n_visits,2937.0,2937.0,8.884043230538573,1.0,22.33429215180934
