{
    "model_type": "xgboost",
    "accuracy": 0.7913832199546486,
    "f1_score": 0.7526881720430108,
    "confusion_matrix": [
        [
            209,
            26
        ],
        [
            66,
            140
        ]
    ],
    "classification_report": {
        "0.0": {
            "precision": 0.76,
            "recall": 0.8893617021276595,
            "f1-score": 0.8196078431372549,
            "support": 235.0
        },
        "1.0": {
            "precision": 0.8433734939759037,
            "recall": 0.6796116504854369,
            "f1-score": 0.7526881720430108,
            "support": 206.0
        },
        "accuracy": 0.7913832199546486,
        "macro avg": {
            "precision": 0.8016867469879518,
            "recall": 0.7844866763065482,
            "f1-score": 0.7861480075901328,
            "support": 441.0
        },
        "weighted avg": {
            "precision": 0.7989454416304674,
            "recall": 0.7913832199546486,
            "f1-score": 0.7883483142360886,
            "support": 441.0
        }
    }
}