{
    "model_type": "xgboost",
    "accuracy": 0.8027210884353742,
    "f1_score": 0.7740259740259741,
    "confusion_matrix": [
        [
            205,
            30
        ],
        [
            57,
            149
        ]
    ],
    "classification_report": {
        "0.0": {
            "precision": 0.7824427480916031,
            "recall": 0.8723404255319149,
            "f1-score": 0.8249496981891348,
            "support": 235.0
        },
        "1.0": {
            "precision": 0.8324022346368715,
            "recall": 0.7233009708737864,
            "f1-score": 0.7740259740259741,
            "support": 206.0
        },
        "accuracy": 0.8027210884353742,
        "macro avg": {
            "precision": 0.8074224913642373,
            "recall": 0.7978206982028506,
            "f1-score": 0.7994878361075544,
            "support": 441.0
        },
        "weighted avg": {
            "precision": 0.8057798325095742,
            "recall": 0.8027210884353742,
            "f1-score": 0.8011621989201753,
            "support": 441.0
        }
    }
}