{
    "model_type": "xgboost",
    "accuracy": 0.7755102040816326,
    "f1_score": 0.7287671232876712,
    "confusion_matrix": [
        [
            209,
            26
        ],
        [
            73,
            133
        ]
    ],
    "classification_report": {
        "0.0": {
            "precision": 0.7411347517730497,
            "recall": 0.8893617021276595,
            "f1-score": 0.8085106382978723,
            "support": 235.0
        },
        "1.0": {
            "precision": 0.8364779874213837,
            "recall": 0.6456310679611651,
            "f1-score": 0.7287671232876712,
            "support": 206.0
        },
        "accuracy": 0.7755102040816326,
        "macro avg": {
            "precision": 0.7888063695972167,
            "recall": 0.7674963850444123,
            "f1-score": 0.7686388807927718,
            "support": 441.0
        },
        "weighted avg": {
            "precision": 0.7856715013049245,
            "recall": 0.7755102040816326,
            "f1-score": 0.7712608331003634,
            "support": 441.0
        }
    }
}